{
    "Objects": [
        {
            "name": "Land_Wall_Gate_FenR_Big_R",
            "pos": [
                4823.31005859375,
                340.44342041015627,
                9881.1845703125
            ],
            "ypr": [
                64.99999237060547,
                74.98780822753906,
                90.0
            ],
            "scale": 1.0,
            "enableCEPersistency": 0
        },
        {
            "name": "Land_Wall_Gate_FenR_Big_R",
            "pos": [
                4853.91650390625,
                341.259033203125,
                9819.93359375
            ],
            "ypr": [
                72.00001525878906,
                90.0,
                89.9999771118164
            ],
            "scale": 1.0,
            "enableCEPersistency": 0
        }
    ]
}