{
    "Objects": [
        {
            "name": "TTSKOPants",
            "pos": [
                10297.1171875,
                35.84000015258789,
                2516.688232421875
            ],
            "ypr": [
                44.0,
                0.0,
                -90.0
            ],
            "scale": 0.9999773502349854,
            "enableCEPersistency": 0
        },
        {
            "name": "TTsKOJacket_Camo",
            "pos": [
                10297.099609375,
                36.5,
                2516.6298828125
            ],
            "ypr": [
                45.0,
                -19.998111724853517,
                -90.0
            ],
            "scale": 0.9999842047691345,
            "enableCEPersistency": 0
        },
        {
            "name": "AssaultBag_Ttsko",
            "pos": [
                10297.4716796875,
                36.40650177001953,
                2517.197021484375
            ],
            "ypr": [
                127.99996185302735,
                0.0,
                0.0
            ],
            "scale": 0.9999818205833435,
            "enableCEPersistency": 0
        }
    ]
}