{
    "Objects": [
        {
            "name": "Offroad_02",
            "pos": [
                8105.22998046875,
                460.6549987792969,
                9270.76953125
            ],
            "ypr": [
                72.28810119628906,
                -4.960919380187988,
                -7.318449020385742
            ],
            "scale": 1.0,
            "enableCEPersistency": 0
        }
    ]
}