{
  "Objects": [
    {
      "name": "StaticObj_Pier_Concrete1_End",
      "pos": [39.65506362915039, -22.356266021728517, -37.64128494262695],
      "ypr": [-44.41029357910156, -0.0, -0.0],
      "scale": 0.9999974370002747,
      "enableCEPersistency": 0
    }
  ]
}
