{
    "Objects": [
        {
            "name": "Land_Underground_Stairs_Exit",
            "pos": [
                10002.5,
                27.315900802612306,
                2113.02001953125
            ],
            "ypr": [
                164.001953125,
                0.0,
                0.0
            ],
            "scale": 0.9999977946281433,
            "enableCEPersistency": 0
        },
        {
            "name": "Land_Underground_Stairs_Block",
            "pos": [
                10003.9873046875,
                17.541942596435548,
                2113.424560546875
            ],
            "ypr": [
                161.99998474121095,
                0.0,
                -0.0
            ],
            "scale": 0.9999997615814209,
            "enableCEPersistency": 0
        },
        {
            "name": "Land_Underground_Stairs_Block_Corridor",
            "pos": [
                10004.0,
                12.498900413513184,
                2113.43994140625
            ],
            "ypr": [
                161.99996948242188,
                0.0,
                0.0
            ],
            "scale": 1.0,
            "enableCEPersistency": 0
        },
        {
            "name": "Land_Underground_Stairs_Block",
            "pos": [
                10004.0166015625,
                8.492908477783204,
                2113.400390625
            ],
            "ypr": [
                161.9998321533203,
                0.0,
                -0.0
            ],
            "scale": 1.0,
            "enableCEPersistency": 0
        }
    ]
}